,review_id,user_id,business_id,stars,useful,funny,cool,text,date
0,xQY8N_XvtGbearJ5X4QryQ,OwjRMXRC0KyPrIlcjaXeFQ,-MhfebM0QIsKt87iDN-FNw,2.0,5,0,0,"As someone who has worked with many museums, I was eager to visit this gallery on my most recent trip to Las Vegas. When I saw they would be showing infamous eggs of the House of Faberge from the Virginia Museum of Fine Arts (VMFA), I knew I had to go!

Tucked away near the gelateria and the garden, the Gallery is pretty much hidden from view. It's what real estate agents would call ""cozy"" or ""charming"" - basically any euphemism for small.

That being said, you can still see wonderful art at a gallery of any size, so why the two *s you ask? Let me tell you:

* pricing for this, while relatively inexpensive for a Las Vegas attraction, is completely over the top. For the space and the amount of art you can fit in there, it is a bit much.
* it's not kid friendly at all. Seriously, don't bring them.
* the security is not trained properly for the show. When the curating and design teams collaborate for exhibitions, there is a definite flow. That means visitors should view the art in a certain sequence, whether it be by historical period or cultural significance (this is how audio guides are usually developed). When I arrived in the gallery I could not tell where to start, and security was certainly not helpful. I was told to ""just look around"" and ""do whatever."" 

At such a *fine* institution, I find the lack of knowledge and respect for the art appalling.",2015-04-15 05:21:16
1,UmFMZ8PyXZTY2QcwzsfQYA,nIJD_7ZXHq-FX8byPMOkMQ,lbrU8StCq3yDfr-QMnGrmQ,1.0,1,1,0,"I am actually horrified this place is still in business. My 3 year old son needed a haircut this past summer and the lure of the $7 kids cut signs got me in the door. We had to wait a few minutes as both stylists were working on people. The decor in this place is total garbage. It is so tacky. The sofa they had at the time was a pleather sofa with giant holes in it. And my son noticed ants crawling all over the floor and the furniture. It was disgusting and I should have walked out then. Actually, I should have turned around and walked out upon entering but I didn't. So the older black male stylist finishes the haircut he was doing and it's our turn. I tell him I want a #2 clipper around the back and sides and then hand cut the top into a standard boys cut. Really freaking simple, right? WRONG! Rather than use the clippers and go up to actually cut the hair, he went down. Using it moving downward doesn't cut hair, it just rubs against it. How does this man who has an alleged cosmetology license not know how to use a set of freaking clippers??? I realized almost immediately that he had no idea what he was doing. No idea at all. After about 10 minutes of watching this guy stumble through it, I said ""you know what? That's fine."", paid and left. All I wanted to do was get out of that scummy joint and take my son to a real haircut place.

Bottom line: DO NOT GO HERE. RUN THE OTHER WAY!!!!!",2013-12-07 03:16:52
2,LG2ZaYiOgpr2DK_90pYjNw,V34qejxNsCbcgD8C0HVk-Q,HQl28KMwrEKHqhFrrDqVNQ,5.0,1,0,0,"I love Deagan's. I do. I really do. The atmosphere is cozy and festive. The shrimp tacos and house fries are my standbys. The fries are sometimes good and sometimes great, and the spicy dipping sauce they come with is to die for. The beer list is amazing and the cocktails are great. The prices are mid-level, so it's not a cheap dive you can go to every week, but rather a treat when you do. Try it out. You won't be disappointed!",2015-12-05 03:18:11
3,i6g_oA9Yf9Y31qt0wibXpw,ofKDkJKXSKZXu5xJNGiiBQ,5JxlZaqCnk1MnbgRirs40Q,1.0,0,0,0,"Dismal, lukewarm, defrosted-tasting ""TexMex"" glop;

Mumbly, unengaged waiter;

Clueless manager, who seeing us with barely nibbled entrees
on plates shoved forward for pickup, thanked us
perfunctorily for our patronage;

We're from the Texas Hill Country;
down there, we jail critters 
who serve up grub this bad,
for their own protection.

Never, never, NEVER again
(Back to Yard House for real food)",2011-05-27 05:30:52
4,6TdNDKywdbjoTkizeMce8A,UgMW8bLE0QMJDCkQ1Ax5Mg,IS4cv902ykd8wj1TR0N3-A,4.0,0,0,0,"Oh happy day, finally have a Canes near my casa. Yes just as others are griping about the Drive thru is packed just like most of the other canes in the area but I like to go sit down to enjoy my chicken. The cashiers are pleasant and as far as food wise i have yet to receive any funky chicken. The clean up crew zips around the dining area constantly so it's usually well kept. My only gripe is the one fella with Red hair he makes the rounds while cleaning but no smile or personality a few nights ago he tossed the napkins i just put on the table to help go with my meal. After I was done he just reached for my tray no ""excuse me or are you done with that?""  I realize he's trying to do his job quickly but a little table manners goes along way. That being said still like to grub here and glad that there's finally a Cane's close to me.",2017-01-14 21:56:57
5,L2O_INwlrRuoX05KSjc4eg,5vD2kmE25YBrbayKhykNxQ,nlxHRv1zXGT0c0K51q3jDg,5.0,2,0,0,"This is definitely my favorite fast food sub shop. Ingredients are everything, and everything I see and taste here tells me that they're using top-grade fresh ingredients. The brisket sandwich is probably my favorite... and it's the one my wife ALWAYS gets. Unlike her, I often bounce around the menu to try different things. Definitely a step up from Subway, Quiznos, Jimmy Johns, etc in my opinion. As with all of my reviews, I grade each place relative to what I perceive to be its peers - so five star compared to them.",2013-05-07 07:25:25
6,ZayJ1zWyWgY9S_TRLT_y9Q,aq_ZxGHiri48TUXJlpRkCQ,Pthe4qk5xh4n-ef-9bvMSg,5.0,1,0,0,"Really good place with simple decor, amazing food and great hospitality.
Very impressed with the lunch portion. Although service took little extra time but I have no complaints since they are quite new in business. The green curry chicken was good and to the right spice balance I asked for. I will definitely recommend this place to others.",2015-11-05 23:11:05
7,lpFIJYpsvDxyph-kPzZ6aA,dsd-KNYKMpx6ma_sRWCSkQ,FNCJpSn0tL9iqoY3JC73qw,5.0,0,0,0,"Awesome office and staff, very professional and friendly. I saw Adam Garling PA-C and his assistant, they were very friendly, professional, and helpful. I highly recommend Centennial Dermatology! I will definitely return for more visits.",2017-07-18 18:31:54
8,JA-xnyHytKiOIHl_ztnK9Q,P6apihD4ASf1vpPxHODxAQ,e_BiI4ej1CW1F0EyVLr-FQ,5.0,0,0,0,"Most delicious authentic Italian I've had in the US. You wouldn't leave this place unhappy. The setting is cozy and a perfect spot for VD, anniversaries, or a special date. They'll make you feel like you're in Italy.",2015-02-16 06:48:47
9,z4BCgTkfNtCu4XY5Lp97ww,jOERvhmK6_lo_XGUBPws_w,Ws8V970-mQt2X9CwCuT5zw,4.0,3,0,1,"I have been here twice. Very nice and laid back. I tried the weekend Southern menu and it was delicious! Collard greens, mac&cheese, ribs, BBQ chicken sandwich. The scone with clotted cream was divine!!!! The iced teas are very refreshing and I swear I drank a whole container myself both visits. 
The second time I had soup, salad and a sandwich. The salad had this amazing (raspberry? strawberry?, I forgot) vinaigrette. The sandwich was good, but I was kind of disappointed with the soup. It was potato and tasted too ""milky"". 
They change the menu often and now have a tea inspired one. Can't wait to go back and try it.
The owners are very nice and I hope they continue to do well.",2009-10-13 04:16:41
